model,MAE,RMSE,R2
Linear Regression,4.021022852984256,5.896676383170639,0.9101336766579959
Random Forest,3.4753243469418775,5.344989933133254,0.9261626384547845
